Country,Area,Order,aOrder,aColor,Population,Maths Score,Reading Score,Science Score,Play Chess,Quiet Place to Study,Internet at Home,Computer at Home,Books,Car,Computer Programming,Problems,Homework Hours,Latitude,Longitude,Abs LatitudeUnited States,America,Albania,Europe,2,322,481,498,497,33.73,87.45,91.53,90.03,29.52,96.55,27.51,35.62,6.09,37.09024,-95.712891,37.09024Indonesia,Asia,Argentina,America,3,255,375,396,382,47.39,54.25,22.04,24.84,11.53,14.92,35.11,45.27,4.90,-0.789275,113.921327,0.789275Brazil,America,Australia,Oceania,2,204,391,410,405,41.36,74.09,71.72,68.86,7.40,53.78,30.68,33.91,3.32,-14.235004,-51.92528,14.235004Russian Federation,Europe,Austria,Europe,1,146,482,475,486,48.28,85.39,90.77,91.51,35.81,68.16,59.96,24.38,9.75,55.75,37.61,55.75Japan,Asia,Belgium,Europe,3,126,536,538,547,31.30,87.10,88.40,69.99,42.36,93.74,19.45,33.37,3.84,36.204824,138.252924,36.204824Mexico,America,Brazil,America,2,121,413,424,415,40.05,69.93,45.75,55.53,8.73,56.68,35.47,38.18,5.24,23.634501,-102.552784,23.634501Vietnam,Asia,Bulgaria,Europe,3,91,511,508,528,58.30,82.60,28.51,38.79,11.35,9.44,41.21,26.60,5.85,14.0583,108.2772,14.0583Germany,Europe,Canada,America,1,81,514,508,524,34.09,93.33,96.00,95.66,46.88,92.04,31.78,36.83,4.67,51.1657,10.4515,51.1657Turkey,Europe,Chile,America,1,78,448,475,463,69.65,81.63,56.10,66.74,18.35,54.87,43.82,31.47,4.24,38.963745,35.243322,38.963745France,Europe,Colombia,America,1,67,495,505,499,29.84,94.23,97.64,96.29,36.19,93.32,35.42,28.54,5.06,46.227638,2.213749,46.227638Thailand,Asia,Costa Rica,America,3,65,427,441,444,61.40,73.39,48.74,62.99,12.87,67.76,65.44,61.61,5.59,15.8700,100.9925,15.8700United Kingdom,Europe,Croatia,Europe,1,64,494,499,514,25.76,85.76,97.57,96.14,39.48,91.01,28.62,34.18,4.86,55.378051,-3.435973,55.378051Italy,Europe,Cyprus,Europe,1,60,485,490,494,36.13,91.64,96.51,96.28,37.27,96.94,44.03,35.68,8.73,41.87194,12.56738,41.87194South Korea,Asia,Czech Republic,Europe,3,51,554,536,538,31.84,80.39,96.23,93.63,60.11,88.34,30.96,34.25,2.87,35.907757,127.766922,35.907757Colombia,America,Denmark,Europe,2,48,376,403,399,48.58,68.86,51.11,59.99,7.64,21.71,46.12,34.10,5.35,4.570868,-74.297333,4.570868Spain,Europe,Estonia,Europe,1,46,484,488,496,38.52,92.03,94.06,95.49,43.33,92.62,42.47,26.38,6.50,40.463667,-0.374922,40.463667Argentina,America,Finland,Europe,2,43,388,396,406,38.28,72.65,70.70,80.38,14.17,53.38,40.55,44.46,3.71,-38.416097,-63.616672,38.416097Poland,Europe,France,Europe,1,38,518,518,526,41.64,95.11,94.84,96.79,34.86,86.42,26.22,32.17,6.60,51.919438,19.145136,51.919438Canada,America,Germany,Europe,2,36,518,523,525,38.71,90.96,97.03,96.45,42.64,95.00,32.74,37.64,5.48,56.130366,-106.346771,56.130366Peru,America,Greece,Europe,2,31,368,384,373,52.22,75.99,40.07,50.12,9.31,22.11,44.21,36.99,5.46,-9.1900,-75.0152,9.1900Malaysia,Asia,Hong Kong-China,Asia,3,30,421,398,420,54.72,64.44,61.28,67.03,25.22,80.39,64.24,43.47,4.79,4.2105,101.9758,4.2105Australia,Oceania,Hungary,Europe,5,24,504,512,521,31.32,87.26,96.15,96.89,46.33,97.55,26.39,40.78,6.04,-25.274398,133.775136,25.274398Taiwan,Asia,Iceland,Europe,3,23,560,523,523,53.64,79.37,95.72,90.10,37.22,84.13,18.77,30.92,5.35,2.369781,120.960515,2.369781Romania,Europe,Indonesia,Asia,1,20,445,438,439,57.26,90.39,79.30,85.57,25.79,61.60,57.38,38.26,7.28,45.9432,24.9668,45.9432Chile,America,Ireland,Europe,2,18,423,441,445,34.54,80.84,75.68,85.26,15.67,57.40,43.36,48.78,3.48,-35.675147,-71.542969,35.675147Kazakhstan,Asia,Israel,Middle East & Africa,3,17.5,432,393,425,67.75,86.68,54.31,65.07,20.28,59.98,66.47,24.35,8.82,48.019573,66.923684,48.019573Netherlands,Europe,Italy,Europe,1,17,523,511,522,18.06,95.87,98.58,97.29,34.38,96.40,16.36,23.94,5.84,52.132633,5.291266,52.132633Shanghai-China,Asia,Japan,Asia,3,14,613,570,580,70.91,90.94,85.55,82.75,29.11,46.11,31.10,24.52,13.85,31.0000,121.0000,31.0000Belgium,Europe,Jordan,Middle East & Africa,1,11,515,509,505,27.02,92.08,97.23,95.81,36.28,93.50,28.56,33.43,5.46,50.503887,4.469936,50.503887Tunisia,Middle East & Africa,Kazakhstan,Asia,4,11,388,404,398,47.54,77.66,49.26,55.47,7.69,42.61,72.37,40.94,3.55,33.8869,9.5375,33.8869Czech Republic,Europe,Latvia,Europe,1,10,499,493,508,37.34,92.28,96.68,96.68,40.12,88.19,53.69,32.24,3.14,49.817492,15.472962,49.817492Portugal,Europe,Liechtenstein,Europe,1,10,487,488,489,35.14,94.41,94.93,96.43,27.44,88.45,41.34,40.97,3.82,39.399872,-8.224454,39.399872Sweden,Europe,Lithuania,Europe,1,10,478,483,485,25.19,91.16,98.58,97.98,45.25,93.18,29.80,31.27,3.57,60.128161,18.643501,60.128161Hungary,Europe,Luxembourg,Europe,1,10,477,488,494,38.29,90.95,92.93,93.23,48.83,75.09,45.92,29.59,6.22,47.162494,19.503304,47.162494Greece,Europe,Macao-China,Asia,1,10,453,477,467,46.10,83.82,86.81,91.03,35.44,93.81,57.98,39.57,5.26,39.074208,21.824312,39.074208Austria,Europe,Malaysia,Asia,1,9,506,490,506,36.21,96.05,98.38,97.83,38.76,94.42,31.28,39.04,4.52,47.516231,14.550072,47.516231United Arab Emirates,Middle East & Africa,Mexico,America,4,9,434,442,448,49.05,86.05,92.67,91.78,26.46,95.02,64.78,38.53,6.17,23.42,53.84,23.42Israel,Middle East & Africa,Montenegro,Europe,4,8.4,466,486,470,31.54,91.79,89.25,92.57,42.38,87.64,38.01,40.04,4.61,31.046051,34.851612,31.046051Switzerland,Europe,Netherlands,Europe,1,8,531,509,515,33.41,95.59,98.45,97.04,37.98,93.02,32.64,37.05,3.98,46.818188,8.227512,46.818188Jordan,Middle East & Africa,New Zealand,Oceania,4,7.5,386,399,409,56.83,80.83,62.58,80.71,16.63,73.60,68.63,48.95,4.22,30.585164,36.238414,30.585164Hong Kong-China,Asia,Norway,Europe,3,7.2,561,545,555,52.04,81.76,99.13,98.60,25.14,21.79,20.37,34.53,6.02,22.396428,114.109497,22.396428Serbia,Europe,Peru,America,1,7,449,446,445,46.25,93.31,87.74,93.69,22.33,78.97,57.83,33.22,4.42,44.0165,21.0059,44.0165Bulgaria,Europe,Poland,Europe,1,7,439,436,446,52.68,67.46,91.01,90.90,27.98,80.71,50.86,33.00,5.64,42.733883,2.548583,42.733883Denmark,Europe,Portugal,Europe,1,6,500,496,498,17.58,89.78,99.24,98.73,37.26,92.68,16.81,34.92,4.29,56.26392,9.501785,56.26392Singapore,Asia,Qatar,Middle East & Africa,3,5.4,573,542,551,38.76,78.66,96.96,94.70,31.79,59.60,36.28,42.45,9.39,1.3521,103.8198,1.3521Slovak Republic,Europe,Romania,Europe,1,5.4,482,463,471,44.43,85.68,91.74,90.86,28.59,80.79,47.05,31.06,3.23,48.669026,19.699024,48.669026Finland,Europe,Russian Federation,Europe,1,5,519,524,545,32.78,94.37,99.07,98.20,42.19,94.27,48.49,16.58,2.78,61.92411,25.748151,61.92411Norway,Europe,Serbia,Europe,1,5,489,504,495,24.83,93.44,98.52,97.77,47.97,95.66,25.88,33.57,4.74,60.472024,8.468946,60.472024Costa Rica,America,Shanghai-China,Asia,2,4.7,407,441,429,34.58,80.29,64.22,71.46,9.28,52.93,26.64,33.57,3.52,9.748917,-83.753428,9.748917Ireland,Europe,Singapore,Asia,1,4.6,501,523,522,27.36,87.50,97.20,94.15,41.02,94.88,31.87,39.09,7.31,53.41291,-0.824389,53.41291New Zealand,Oceania,Slovak Republic,Europe,5,4.6,500,512,516,31.49,85.00,91.43,92.50,44.17,96.67,28.75,44.48,4.20,-40.900557,174.885971,40.900557Croatia,Europe,Slovenia,Europe,1,4.2,471,485,491,43.29,84.37,94.98,93.36,19.44,91.24,43.27,32.10,5.92,45.1,15.2,45.1Uruguay,America,South Korea,Asia,2,3.4,409,411,416,34.76,81.00,77.22,83.47,13.91,49.56,35.56,32.21,4.70,-32.5228,-55.7658,32.5228Lithuania,Europe,Spain,Europe,1,3,479,477,496,43.38,91.37,93.18,95.24,29.23,84.33,46.79,28.28,6.69,55.1694,23.8813,55.1694Albania,Europe,Sweden,Europe,1,3,394,394,397,44.41,82.54,48.81,58.45,9.62,44.97,49.45,28.16,5.07,41.153332,20.168331,41.153332Slovenia,Europe,Switzerland,Europe,1,2,501,481,514,41.92,92.97,98.76,98.07,29.19,97.67,41.03,33.65,3.72,46.151241,14.995463,46.151241Latvia,Europe,Taiwan,Asia,1,2,491,489,502,41.04,91.25,91.95,92.21,37.12,74.56,33.86,29.07,6.21,56.879635,24.603189,56.879635Qatar,Middle East & Africa,Thailand,Asia,4,2,376,388,384,53.87,84.26,87.95,87.69,29.03,92.90,65.11,43.78,4.32,25.3548,51.1839,25.3548Estonia,Europe,Tunisia,Middle East & Africa,1,1,521,516,541,38.51,92.58,98.59,89.19,44.76,83.94,30.78,28.40,6.93,58.595272,25.013607,58.595272Cyprus,Europe,Turkey,Europe,1,0.8,440,449,438,46.07,87.58,95.33,95.45,34.55,97.84,59.67,43.62,3.82,35.126413,33.429859,35.126413Macao-China,Asia,United Arab Emirates,Middle East & Africa,3,0.6,538,509,521,53.75,77.79,98.03,96.67,15.19,63.61,37.04,41.73,5.87,22.1987,113.5439,22.1987Montenegro,Europe,United Kingdom,Europe,1,0.6,410,422,410,49.46,88.85,85.91,89.93,31.41,84.46,44.27,32.68,4.33,42.7087,19.3744,42.7087Luxembourg,Europe,United States,America,1,0.5,490,488,491,33.17,93.15,96.87,96.06,50.96,95.20,35.75,38.44,4.58,49.815273,6.129583,49.815273Iceland,Europe,Uruguay,America,1,0.3,493,483,478,29.43,95.19,98.76,98.18,54.48,94.43,29.93,27.53,4.08,64.963051,-19.020835,64.963051Liechtenstein,Europe,Vietnam,Asia,1,0.37,535,516,525,33.11,97.62,98.57,98.94,47.38,97.30,32.20,33.55,3.30,47.166,9.555373,47.166